<?xml version="1.0" encoding="UTF-8"?>
<project-private xmlns="http://www.netbeans.org/ns/project-private/1">
    <data xmlns="http://www.netbeans.org/ns/make-project-private/1">
        <activeConfTypeElem>1</activeConfTypeElem>
        <activeConfIndexElem>0</activeConfIndexElem>
    </data>
    <editor-bookmarks xmlns="http://www.netbeans.org/ns/editor-bookmarks/2" lastBookmarkId="0"/>
    <open-files xmlns="http://www.netbeans.org/ns/projectui-open-files/2">
        <group>
            <file>file:/C:/Users/sonof/Downloads/RCC/Spring%202021/Comp%20Sci/IreysJoshua_CIS17A_43320/Project/Gaddis_9thEdition_Chapter4_Problem10_DaysInAMonth/main.cpp</file>
        </group>
    </open-files>
</project-private>
